1,25,Opposite Day
11,1,Dia de los Muertos
1,26,Australia Day
8,10,National S'mores Day
8,30,National Marshmallow Toasting Day
11,1,All Saint's Day
11,13,Caregiver Appreciation Day
9,21,International Peace Day
2,3,Feed the Birds Day
10,1,International Day for the Elderly
5,5,Cinco de Mayo
12,31,New Year's Eve
11,23,Wolfenoot
2,29,Leap Day
1,10,Houseplant Appreciation Day
2,2,Groundhog's Day
9,17,Constitution Day
10,31,Halloween
11,20,Universal Children's Day
3,17,St. Patrick's Day
4,22,Earth Day
6,19,Juneteenth Day
11,2,Dia de los Muertos
6,14,Flag Day
2,7,Lincoln's Birthday
11,2,All Soul's Day
2,14,Valentines Day
1,4,Trivia Day
7,4,Independence Day
3,8,International Women's Day
5,1,May Day
2,22,Washington's Birthday
1,1,New Year's Day
8,3,National Watermelon Day
12,12,Poinsettia Day
10,24,United Nations Day
7,22,Hammock Day
4,1,April Fool's Day
8,13,Left Hander's Day
1,5,National Bird Day
12,25,Christmas
6,1,Shelby's birthday
